,id1,id2,score
0,346,346,1.0
1,346,346,1.0
2,346,346,1.0
3,346,346,1.0
4,346,346,1.0
5,346,346,1.0
6,346,346,1.0
7,346,346,1.0
8,346,346,1.0
9,346,346,1.0
10,493,493,1.0
11,493,493,1.0
12,493,493,1.0
13,493,493,1.0
14,493,493,1.0
15,493,493,1.0
16,493,493,1.0
17,493,493,1.0
18,493,493,1.0
19,493,493,1.0
20,377,377,1.0
21,377,377,1.0
22,377,377,1.0
23,377,377,1.0
24,377,377,1.0
25,377,377,1.0
26,377,377,1.0
27,377,377,1.0
28,377,377,1.0
29,377,377,1.0
30,154,154,1.0
31,662,662,1.0
32,662,662,1.0
33,662,662,1.0
34,662,662,1.0
35,662,662,1.0
36,662,662,1.0
37,662,662,1.0
38,662,662,1.0
39,662,662,1.0
40,662,662,1.0
41,658,658,1.0
42,658,658,1.0
43,658,658,1.0
44,658,658,1.0
45,658,658,1.0
46,658,658,1.0
47,658,658,1.0
48,658,658,1.0
49,658,658,1.0
50,658,658,1.0
51,200,200,1.0
52,413,413,1.0
53,413,413,1.0
54,413,413,1.0
55,413,413,1.0
56,413,413,1.0
57,413,413,1.0
58,413,413,1.0
59,413,413,1.0
60,413,413,1.0
61,413,413,1.0
62,277,277,1.0
63,277,277,1.0
64,277,277,1.0
65,277,277,1.0
66,277,277,1.0
67,277,277,1.0
68,277,277,1.0
69,277,277,1.0
70,277,277,1.0
71,277,277,1.0
72,429,429,1.0
73,429,429,1.0
74,429,429,1.0
75,429,429,1.0
76,429,429,1.0
77,429,429,1.0
78,429,429,1.0
79,429,429,1.0
80,429,429,1.0
81,429,429,1.0
82,407,407,1.0
83,407,407,1.0
84,407,407,1.0
85,407,407,1.0
86,407,407,1.0
87,407,407,1.0
88,407,407,1.0
89,407,407,1.0
90,407,407,1.0
91,407,407,1.0
92,470,470,1.0
93,470,470,1.0
94,470,470,1.0
95,470,470,1.0
96,470,470,1.0
97,470,470,1.0
98,470,470,1.0
99,470,470,1.0
100,470,470,1.0
101,470,470,1.0
102,392,392,1.0
103,392,392,1.0
104,392,392,1.0
105,392,392,1.0
106,392,392,1.0
107,392,392,1.0
108,392,392,1.0
109,392,392,1.0
110,392,392,1.0
111,392,392,1.0
112,408,408,1.0
113,408,408,1.0
114,408,408,1.0
115,408,408,1.0
116,408,408,1.0
117,408,408,1.0
118,408,408,1.0
119,408,408,1.0
120,408,408,1.0
121,408,408,1.0
122,492,492,1.0
123,492,492,1.0
124,492,492,1.0
125,492,492,1.0
126,492,492,1.0
127,492,492,1.0
128,492,492,1.0
129,492,492,1.0
130,492,492,1.0
131,492,492,1.0
132,430,430,1.0
133,430,430,1.0
134,430,430,1.0
135,430,430,1.0
136,430,430,1.0
137,430,430,1.0
138,430,430,1.0
139,430,430,1.0
140,430,430,1.0
141,430,430,1.0
142,393,393,1.0
143,393,393,1.0
144,393,393,1.0
145,393,393,1.0
146,393,393,1.0
147,393,393,1.0
148,393,393,1.0
149,393,393,1.0
150,393,393,1.0
151,393,393,1.0
152,278,278,1.0
153,278,278,1.0
154,278,278,1.0
155,278,278,1.0
156,278,278,1.0
157,278,278,1.0
158,278,278,1.0
159,278,278,1.0
160,278,278,1.0
161,278,278,1.0
162,460,460,1.0
163,427,427,1.0
164,427,427,1.0
165,427,427,1.0
166,427,427,1.0
167,427,427,1.0
168,427,427,1.0
169,427,427,1.0
170,427,427,1.0
171,427,427,1.0
172,427,427,1.0
173,111,111,1.0
174,111,111,1.0
175,111,111,1.0
176,111,111,1.0
177,111,111,1.0
178,111,111,1.0
179,111,111,1.0
180,111,111,1.0
181,111,111,1.0
182,111,111,1.0
183,659,659,1.0
184,659,659,1.0
185,659,659,1.0
186,659,659,1.0
187,659,659,1.0
188,659,659,1.0
189,659,659,1.0
190,659,659,1.0
191,659,659,1.0
192,659,659,1.0
193,70,70,1.0
194,70,70,1.0
195,70,70,1.0
196,70,70,1.0
197,70,70,1.0
198,70,70,1.0
199,74,74,1.0
200,74,74,1.0
201,74,74,1.0
202,74,74,1.0
203,74,74,1.0
204,74,74,1.0
205,85,85,1.0
206,256,256,1.0
207,256,256,1.0
208,256,256,1.0
209,256,256,1.0
210,256,256,1.0
211,256,256,1.0
212,256,256,1.0
213,256,256,1.0
214,153,153,1.0
215,471,471,1.0
216,471,471,1.0
217,471,471,1.0
218,471,471,1.0
219,471,471,1.0
220,471,471,1.0
221,471,471,1.0
222,471,471,1.0
223,471,471,1.0
224,471,471,1.0
225,121,121,1.0
226,671,671,1.0
227,671,671,1.0
228,671,671,1.0
229,671,671,1.0
230,671,671,1.0
231,671,671,1.0
232,391,391,1.0
233,391,391,1.0
234,391,391,1.0
235,391,391,1.0
236,391,391,1.0
237,391,391,1.0
238,391,391,1.0
239,391,391,1.0
240,391,391,1.0
241,391,391,1.0
242,719,719,1.0
243,719,719,1.0
244,719,719,1.0
245,719,719,1.0
246,719,719,1.0
247,719,719,1.0
248,719,719,1.0
249,719,719,1.0
250,719,719,1.0
251,719,719,1.0
252,60,60,1.0
253,60,60,1.0
254,60,60,1.0
255,60,60,1.0
256,60,60,1.0
257,60,60,1.0
258,661,661,1.0
259,661,661,1.0
260,661,661,1.0
261,661,661,1.0
262,661,661,1.0
263,661,661,1.0
264,661,661,1.0
265,661,661,1.0
266,661,661,1.0
267,661,661,1.0
268,225,225,1.0
269,225,225,1.0
270,225,225,1.0
271,225,225,1.0
272,225,225,1.0
273,225,225,1.0
274,225,225,1.0
275,225,225,1.0
276,225,225,1.0
277,225,225,1.0
278,627,627,1.0
279,627,627,1.0
280,627,627,1.0
281,627,627,1.0
282,627,627,1.0
283,627,627,1.0
284,627,627,1.0
285,627,627,1.0
286,627,627,1.0
287,73,73,1.0
288,73,73,1.0
289,73,73,1.0
290,73,73,1.0
291,73,73,1.0
292,73,73,1.0
293,145,145,1.0
294,145,145,1.0
295,145,145,1.0
296,145,145,1.0
297,145,145,1.0
298,145,145,1.0
299,145,145,1.0
300,145,145,1.0
301,323,323,1.0
302,323,323,1.0
303,323,323,1.0
304,323,323,1.0
305,323,323,1.0
306,323,323,1.0
307,323,323,1.0
308,323,323,1.0
309,323,323,1.0
310,323,323,1.0
311,635,635,1.0
312,635,635,1.0
313,635,635,1.0
314,195,195,1.0
315,665,665,1.0
316,665,665,1.0
317,665,665,1.0
318,665,665,1.0
319,665,665,1.0
320,665,665,1.0
321,665,665,1.0
322,665,665,1.0
323,665,665,1.0
324,665,665,1.0
325,161,161,1.0
326,324,324,1.0
327,324,324,1.0
328,324,324,1.0
329,324,324,1.0
330,324,324,1.0
331,324,324,1.0
332,324,324,1.0
333,324,324,1.0
334,324,324,1.0
335,324,324,1.0
336,717,717,1.0
337,717,717,1.0
338,717,717,1.0
339,717,717,1.0
340,717,717,1.0
341,717,717,1.0
342,717,717,1.0
343,717,717,1.0
344,717,717,1.0
345,717,717,1.0
346,197,197,1.0
347,197,197,1.0
348,197,197,1.0
349,197,197,1.0
350,197,197,1.0
351,197,197,1.0
352,197,197,1.0
353,197,197,1.0
354,197,197,1.0
355,197,197,1.0
356,439,439,1.0
357,439,439,1.0
358,439,439,1.0
359,439,439,1.0
360,439,439,1.0
361,439,439,1.0
362,439,439,1.0
363,439,439,1.0
364,439,439,1.0
365,439,439,1.0
366,151,151,1.0
367,436,436,1.0
368,436,436,1.0
369,436,436,1.0
370,436,436,1.0
371,436,436,1.0
372,436,436,1.0
373,436,436,1.0
374,436,436,1.0
375,436,436,1.0
376,436,436,1.0
377,657,657,1.0
378,657,657,1.0
379,657,657,1.0
380,657,657,1.0
381,657,657,1.0
382,657,657,1.0
383,657,657,1.0
384,657,657,1.0
385,657,657,1.0
386,657,657,1.0
387,359,359,1.0
388,359,359,1.0
389,358,358,1.0
390,358,358,1.0
391,358,358,1.0
392,358,358,1.0
393,358,358,1.0
394,358,358,1.0
395,358,358,1.0
396,358,358,1.0
397,358,358,1.0
398,358,358,1.0
399,67,67,1.0
400,67,67,1.0
401,693,693,1.0
402,693,693,1.0
403,378,378,1.0
404,227,227,1.0
405,227,227,1.0
406,227,227,1.0
407,227,227,1.0
408,227,227,1.0
409,227,227,1.0
410,227,227,1.0
411,227,227,1.0
412,227,227,1.0
413,227,227,1.0
414,162,162,1.0
415,106,106,1.0
416,106,106,1.0
417,106,106,1.0
418,106,106,1.0
419,106,106,1.0
420,106,106,1.0
421,106,106,1.0
422,106,106,1.0
423,106,106,1.0
424,106,106,1.0
425,133,133,1.0
426,133,133,1.0
427,133,133,1.0
428,133,133,1.0
429,133,133,1.0
430,133,133,1.0
431,133,133,1.0
432,133,133,1.0
433,133,133,1.0
434,133,133,1.0
435,250,250,1.0
436,250,250,1.0
437,250,250,1.0
438,250,250,1.0
439,250,250,1.0
440,250,250,1.0
441,250,250,1.0
442,250,250,1.0
443,275,275,1.0
444,275,275,1.0
445,275,275,1.0
446,275,275,1.0
447,275,275,1.0
448,275,275,1.0
449,275,275,1.0
450,57,57,1.0
451,57,57,1.0
452,57,57,1.0
453,57,57,1.0
454,57,57,1.0
455,57,57,1.0
456,236,236,1.0
457,236,236,1.0
458,236,236,1.0
459,236,236,1.0
460,236,236,1.0
461,236,236,1.0
462,236,236,1.0
463,236,236,1.0
464,236,236,1.0
465,236,236,1.0
466,178,178,1.0
467,645,645,1.0
468,645,645,1.0
469,645,645,1.0
470,463,463,1.0
471,463,463,1.0
472,463,463,1.0
473,463,463,1.0
474,463,463,1.0
475,463,463,1.0
476,463,463,1.0
477,463,463,1.0
478,463,463,1.0
479,463,463,1.0
480,64,64,1.0
481,64,64,1.0
482,64,64,1.0
483,64,64,1.0
484,64,64,1.0
485,64,64,1.0
486,181,181,1.0
487,181,181,1.0
488,181,181,1.0
489,181,181,1.0
490,181,181,1.0
491,181,181,1.0
492,181,181,1.0
493,647,647,1.0
494,647,647,1.0
495,647,647,1.0
496,647,647,1.0
497,647,647,1.0
498,647,647,1.0
499,238,238,1.0
500,238,238,1.0
501,238,238,1.0
502,238,238,1.0
503,238,238,1.0
504,238,238,1.0
505,238,238,1.0
506,238,238,1.0
507,238,238,1.0
508,238,238,1.0
509,428,428,1.0
510,428,428,1.0
511,428,428,1.0
512,428,428,1.0
513,428,428,1.0
514,428,428,1.0
515,428,428,1.0
516,428,428,1.0
517,428,428,1.0
518,428,428,1.0
519,664,664,1.0
520,664,664,1.0
521,664,664,1.0
522,664,664,1.0
523,664,664,1.0
524,664,664,1.0
525,664,664,1.0
526,664,664,1.0
527,664,664,1.0
528,664,664,1.0
529,660,660,1.0
530,660,660,1.0
531,660,660,1.0
532,660,660,1.0
533,660,660,1.0
534,660,660,1.0
535,660,660,1.0
536,660,660,1.0
537,660,660,1.0
538,660,660,1.0
539,533,533,1.0
540,533,533,1.0
541,715,715,1.0
542,715,715,1.0
543,715,715,1.0
544,715,715,1.0
545,715,715,1.0
546,715,715,1.0
547,715,715,1.0
548,715,715,1.0
549,715,715,1.0
550,715,715,1.0
551,419,419,1.0
552,419,419,1.0
553,419,419,1.0
554,419,419,1.0
555,419,419,1.0
556,419,419,1.0
557,419,419,1.0
558,419,419,1.0
559,419,419,1.0
560,419,419,1.0
561,235,235,1.0
562,235,235,1.0
563,235,235,1.0
564,235,235,1.0
565,235,235,1.0
566,235,235,1.0
567,235,235,1.0
568,235,235,1.0
569,235,235,1.0
570,235,235,1.0
571,722,722,1.0
572,722,722,1.0
573,722,722,1.0
574,722,722,1.0
575,722,722,1.0
576,722,722,1.0
577,68,68,1.0
578,68,68,1.0
579,474,474,1.0
580,474,474,1.0
581,474,474,1.0
582,474,474,1.0
583,474,474,1.0
584,474,474,1.0
585,474,474,1.0
586,302,302,1.0
587,302,302,1.0
588,302,302,1.0
589,302,302,1.0
590,302,302,1.0
591,302,302,1.0
592,302,302,1.0
593,81,81,1.0
594,81,81,1.0
595,81,81,1.0
596,663,663,1.0
597,663,663,1.0
598,663,663,1.0
599,663,663,1.0
600,663,663,1.0
601,663,663,1.0
602,663,663,1.0
603,663,663,1.0
604,663,663,1.0
605,663,663,1.0
606,167,167,1.0
607,167,167,1.0
608,249,249,1.0
609,186,186,1.0
610,186,186,1.0
611,186,186,1.0
612,186,186,1.0
613,186,186,1.0
614,186,186,1.0
615,186,186,1.0
616,186,186,1.0
617,186,186,1.0
618,186,186,1.0
619,210,210,1.0
620,210,210,1.0
621,303,303,1.0
622,303,303,1.0
623,303,303,1.0
624,524,524,1.0
625,524,524,1.0
626,524,524,1.0
627,524,524,1.0
628,524,524,1.0
629,524,524,1.0
630,524,524,1.0
631,524,524,1.0
632,524,524,1.0
633,524,524,1.0
634,568,568,1.0
635,568,568,1.0
636,568,568,1.0
637,568,568,1.0
638,568,568,1.0
639,568,568,1.0
640,453,453,1.0
641,453,453,1.0
642,453,453,1.0
643,453,453,1.0
644,453,453,1.0
645,453,453,1.0
646,453,453,1.0
647,453,453,1.0
648,453,453,1.0
649,453,453,1.0
650,499,499,1.0
651,499,499,1.0
652,499,499,1.0
653,499,499,1.0
654,499,499,1.0
655,499,499,1.0
656,499,499,1.0
657,499,499,1.0
658,499,499,1.0
659,499,499,1.0
660,548,548,1.0
661,548,548,1.0
662,548,548,1.0
663,548,548,1.0
664,548,548,1.0
665,548,548,1.0
666,548,548,1.0
667,745,745,1.0
668,745,745,1.0
669,745,745,1.0
670,745,745,1.0
671,745,745,1.0
672,745,745,1.0
673,745,745,1.0
674,745,745,1.0
675,745,745,1.0
676,745,745,1.0
677,338,338,1.0
678,338,338,1.0
679,338,338,1.0
680,338,338,1.0
681,338,338,1.0
682,338,338,1.0
683,338,338,1.0
684,338,338,1.0
685,338,338,1.0
686,338,338,1.0
687,414,414,1.0
688,414,414,1.0
689,414,414,1.0
690,414,414,1.0
691,414,414,1.0
692,414,414,1.0
693,414,414,1.0
694,414,414,1.0
695,414,414,1.0
696,414,414,1.0
697,163,163,1.0
698,350,350,1.0
699,350,350,1.0
700,624,624,1.0
701,624,624,1.0
702,624,624,1.0
703,624,624,1.0
704,624,624,1.0
705,624,624,1.0
706,624,624,1.0
707,624,624,1.0
708,624,624,1.0
709,624,624,1.0
710,602,602,1.0
711,602,602,1.0
712,602,602,1.0
713,602,602,1.0
714,602,602,1.0
715,602,602,1.0
716,602,602,1.0
717,602,602,1.0
718,602,602,1.0
719,720,720,1.0
720,720,720,1.0
721,720,720,1.0
722,720,720,1.0
723,720,720,1.0
724,720,720,1.0
725,720,720,1.0
726,720,720,1.0
727,720,720,1.0
728,720,720,1.0
729,724,724,1.0
730,724,724,1.0
731,724,724,1.0
732,724,724,1.0
733,724,724,1.0
734,724,724,1.0
735,199,199,1.0
736,678,678,1.0
737,678,678,1.0
738,678,678,1.0
739,678,678,1.0
740,678,678,1.0
741,678,678,1.0
742,678,678,1.0
743,678,678,1.0
744,678,678,1.0
745,678,678,1.0
746,633,633,1.0
747,633,633,1.0
748,633,633,1.0
749,633,633,1.0
750,633,633,1.0
751,633,633,1.0
752,633,633,1.0
753,633,633,1.0
754,633,633,1.0
755,165,165,1.0
756,165,165,1.0
757,703,703,1.0
758,703,703,1.0
759,703,703,1.0
760,703,703,1.0
761,703,703,1.0
762,703,703,1.0
763,703,703,1.0
764,703,703,1.0
765,703,703,1.0
766,703,703,1.0
767,438,438,1.0
768,438,438,1.0
769,438,438,1.0
770,438,438,1.0
771,438,438,1.0
772,438,438,1.0
773,438,438,1.0
774,438,438,1.0
775,438,438,1.0
776,438,438,1.0
777,690,690,1.0
778,690,690,1.0
779,690,690,1.0
780,690,690,1.0
781,690,690,1.0
782,690,690,1.0
783,690,690,1.0
784,690,690,1.0
785,690,690,1.0
786,690,690,1.0
787,255,255,1.0
788,255,255,1.0
789,255,255,1.0
790,255,255,1.0
791,255,255,1.0
792,255,255,1.0
793,255,255,1.0
794,255,255,1.0
795,485,485,1.0
796,485,485,1.0
797,485,485,1.0
798,485,485,1.0
799,485,485,1.0
800,485,485,1.0
801,485,485,1.0
802,308,308,1.0
803,308,308,1.0
804,155,155,1.0
805,66,66,1.0
806,66,66,1.0
807,66,66,1.0
808,66,66,1.0
809,66,66,1.0
810,66,66,1.0
811,58,58,1.0
812,58,58,1.0
813,58,58,1.0
814,58,58,1.0
815,58,58,1.0
816,58,58,1.0
817,69,69,1.0
818,69,69,1.0
819,69,69,1.0
820,69,69,1.0
821,69,69,1.0
822,69,69,1.0
823,65,65,1.0
824,65,65,1.0
825,65,65,1.0
826,65,65,1.0
827,65,65,1.0
828,65,65,1.0
829,59,59,1.0
830,59,59,1.0
831,654,654,1.0
832,654,654,1.0
833,654,654,1.0
834,654,654,1.0
835,654,654,1.0
836,654,654,1.0
837,63,63,1.0
838,63,63,1.0
839,63,63,1.0
840,63,63,1.0
841,63,63,1.0
842,63,63,1.0
843,72,72,1.0
844,72,72,1.0
845,72,72,1.0
846,72,72,1.0
847,72,72,1.0
848,72,72,1.0
849,71,71,1.0
850,71,71,1.0
851,71,71,1.0
852,71,71,1.0
853,71,71,1.0
854,71,71,1.0
855,205,205,1.0
856,205,205,1.0
857,62,62,1.0
858,62,62,1.0
859,62,62,1.0
860,62,62,1.0
861,62,62,1.0
862,62,62,1.0
863,75,75,1.0
864,75,75,1.0
865,75,75,1.0
866,75,75,1.0
867,75,75,1.0
868,75,75,1.0
869,207,207,1.0
870,207,207,1.0
871,61,61,1.0
872,61,61,1.0
873,61,61,1.0
874,61,61,1.0
875,61,61,1.0
876,61,61,1.0
877,76,76,1.0
878,76,76,1.0
879,76,76,1.0
880,76,76,1.0
881,76,76,1.0
882,76,76,1.0
883,209,209,1.0
884,209,209,1.0
885,629,629,1.0
886,629,629,1.0
887,629,629,1.0
888,629,629,1.0
889,629,629,1.0
890,629,629,1.0
891,655,655,1.0
892,655,655,1.0
893,655,655,1.0
894,655,655,1.0
895,655,655,1.0
896,655,655,1.0
897,266,266,1.0
898,266,266,1.0
899,266,266,1.0
900,266,266,1.0
901,266,266,1.0
902,266,266,1.0
903,107,107,1.0
904,107,107,1.0
905,107,107,1.0
906,107,107,1.0
907,107,107,1.0
908,107,107,1.0
909,107,107,1.0
910,107,107,1.0
911,107,107,1.0
912,107,107,1.0
913,134,134,1.0
914,134,134,1.0
915,134,134,1.0
916,134,134,1.0
917,134,134,1.0
918,134,134,1.0
919,134,134,1.0
920,134,134,1.0
921,134,134,1.0
922,134,134,1.0
923,108,108,1.0
924,108,108,1.0
925,108,108,1.0
926,108,108,1.0
927,108,108,1.0
928,108,108,1.0
929,108,108,1.0
930,108,108,1.0
931,108,108,1.0
932,108,108,1.0
933,224,224,1.0
934,224,224,1.0
935,224,224,1.0
936,224,224,1.0
937,224,224,1.0
938,224,224,1.0
939,224,224,1.0
940,224,224,1.0
941,224,224,1.0
942,224,224,1.0
943,648,648,1.0
944,648,648,1.0
945,648,648,1.0
946,648,648,1.0
947,648,648,1.0
948,648,648,1.0
949,104,104,1.0
950,104,104,1.0
951,104,104,1.0
952,104,104,1.0
953,104,104,1.0
954,104,104,1.0
955,104,104,1.0
956,104,104,1.0
957,104,104,1.0
958,104,104,1.0
959,562,562,1.0
960,562,562,1.0
961,562,562,1.0
962,562,562,1.0
963,562,562,1.0
964,562,562,1.0
965,105,105,1.0
966,105,105,1.0
967,105,105,1.0
968,105,105,1.0
969,105,105,1.0
970,105,105,1.0
971,105,105,1.0
972,105,105,1.0
973,105,105,1.0
974,105,105,1.0
975,634,634,1.0
976,634,634,1.0
977,634,634,1.0
978,634,634,1.0
979,634,634,1.0
980,634,634,1.0
981,103,103,1.0
982,103,103,1.0
983,103,103,1.0
984,103,103,1.0
985,103,103,1.0
986,103,103,1.0
987,103,103,1.0
988,103,103,1.0
989,103,103,1.0
990,103,103,1.0
991,561,561,1.0
992,561,561,1.0
993,561,561,1.0
994,561,561,1.0
995,561,561,1.0
996,561,561,1.0
997,415,415,1.0
998,415,415,1.0
999,415,415,1.0
1000,415,415,1.0
1001,415,415,1.0
1002,415,415,1.0
1003,415,415,1.0
1004,415,415,1.0
1005,415,415,1.0
1006,415,415,1.0
1007,481,481,1.0
1008,481,481,1.0
1009,481,481,1.0
1010,481,481,1.0
1011,481,481,1.0
1012,481,481,1.0
1013,481,481,1.0
1014,481,481,1.0
1015,481,481,1.0
1016,481,481,1.0
1017,425,425,1.0
1018,425,425,1.0
1019,425,425,1.0
1020,425,425,1.0
1021,425,425,1.0
1022,425,425,1.0
1023,425,425,1.0
1024,425,425,1.0
1025,425,425,1.0
1026,425,425,1.0
1027,475,475,1.0
1028,475,475,1.0
1029,475,475,1.0
1030,475,475,1.0
1031,475,475,1.0
1032,475,475,1.0
1033,475,475,1.0
1034,475,475,1.0
1035,475,475,1.0
1036,475,475,1.0
1037,612,612,1.0
1038,612,612,1.0
1039,612,612,1.0
1040,610,610,1.0
1041,610,610,1.0
1042,610,610,1.0
1043,599,599,1.0
1044,599,599,1.0
1045,599,599,1.0
1046,119,119,1.0
1047,150,150,1.0
1048,721,721,1.0
1049,721,721,1.0
1050,721,721,1.0
1051,721,721,1.0
1052,721,721,1.0
1053,721,721,1.0
1054,721,721,1.0
1055,721,721,1.0
1056,721,721,1.0
1057,117,117,1.0
1058,117,117,1.0
1059,117,117,1.0
1060,603,603,1.0
1061,603,603,1.0
1062,603,603,1.0
1063,603,603,1.0
1064,603,603,1.0
1065,603,603,1.0
1066,603,603,1.0
1067,603,603,1.0
1068,603,603,1.0
1069,563,563,1.0
1070,563,563,1.0
1071,563,563,1.0
1072,82,82,1.0
1073,82,82,1.0
1074,82,82,1.0
1075,180,180,1.0
1076,180,180,1.0
1077,180,180,1.0
1078,180,180,1.0
1079,180,180,1.0
1080,180,180,1.0
1081,180,180,1.0
1082,180,180,1.0
1083,180,180,1.0
1084,601,601,1.0
1085,601,601,1.0
1086,601,601,1.0
1087,601,601,1.0
1088,601,601,1.0
1089,601,601,1.0
1090,601,601,1.0
1091,601,601,1.0
1092,601,601,1.0
1093,650,650,1.0
1094,650,650,1.0
1095,650,650,1.0
1096,650,650,1.0
1097,650,650,1.0
1098,650,650,1.0
1099,650,650,1.0
1100,650,650,1.0
1101,650,650,1.0
1102,600,600,1.0
1103,600,600,1.0
1104,600,600,1.0
1105,600,600,1.0
1106,600,600,1.0
1107,600,600,1.0
1108,600,600,1.0
1109,600,600,1.0
1110,600,600,1.0
1111,543,543,1.0
1112,543,543,1.0
1113,543,543,1.0
1114,543,543,1.0
1115,543,543,1.0
1116,543,543,1.0
1117,543,543,1.0
1118,543,543,1.0
1119,543,543,1.0
1120,179,179,1.0
1121,116,116,1.0
1122,116,116,1.0
1123,116,116,1.0
1124,541,541,1.0
1125,541,541,1.0
1126,541,541,1.0
1127,697,697,1.0
1128,697,697,1.0
1129,697,697,1.0
1130,183,183,1.0
1131,183,183,1.0
1132,183,183,1.0
1133,183,183,1.0
1134,183,183,1.0
1135,183,183,1.0
1136,545,545,1.0
1137,545,545,1.0
1138,545,545,1.0
1139,545,545,1.0
1140,545,545,1.0
1141,545,545,1.0
1142,746,746,1.0
1143,746,746,1.0
1144,746,746,1.0
1145,746,746,1.0
1146,746,746,1.0
1147,746,746,1.0
1148,652,652,1.0
1149,652,652,1.0
1150,652,652,1.0
1151,652,652,1.0
1152,652,652,1.0
1153,652,652,1.0
1154,637,637,1.0
1155,637,637,1.0
1156,637,637,1.0
1157,637,637,1.0
1158,637,637,1.0
1159,637,637,1.0
1160,547,547,1.0
1161,547,547,1.0
1162,692,692,1.0
1163,692,692,1.0
1164,542,542,1.0
1165,542,542,1.0
1166,646,646,1.0
1167,646,646,1.0
1168,691,691,1.0
1169,691,691,1.0
1170,611,611,1.0
1171,611,611,1.0
1172,611,611,1.0
1173,611,611,1.0
1174,611,611,1.0
1175,611,611,1.0
1176,611,611,1.0
1177,713,713,1.0
1178,713,713,1.0
1179,713,713,1.0
1180,713,713,1.0
1181,713,713,1.0
1182,713,713,1.0
1183,713,713,1.0
1184,713,713,1.0
1185,713,713,1.0
1186,713,713,1.0
1187,726,726,1.0
1188,726,726,1.0
1189,726,726,1.0
1190,726,726,1.0
1191,726,726,1.0
1192,726,726,1.0
1193,726,726,1.0
1194,546,546,1.0
1195,546,546,1.0
1196,546,546,1.0
1197,546,546,1.0
1198,546,546,1.0
1199,546,546,1.0
1200,546,546,1.0
1201,598,598,1.0
1202,598,598,1.0
1203,598,598,1.0
1204,598,598,1.0
1205,598,598,1.0
1206,598,598,1.0
1207,598,598,1.0
1208,727,727,1.0
1209,727,727,1.0
1210,727,727,1.0
1211,727,727,1.0
1212,727,727,1.0
1213,727,727,1.0
1214,727,727,1.0
1215,744,744,1.0
1216,744,744,1.0
1217,744,744,1.0
1218,132,132,1.0
1219,132,132,1.0
1220,132,132,1.0
1221,723,723,1.0
1222,723,723,1.0
1223,723,723,1.0
1224,196,196,1.0
1225,556,556,1.0
1226,556,556,1.0
1227,556,556,1.0
1228,556,556,1.0
1229,556,556,1.0
1230,556,556,1.0
1231,556,556,1.0
1232,556,556,1.0
1233,556,556,1.0
1234,556,556,1.0
1235,741,741,1.0
1236,741,741,1.0
1237,741,741,1.0
1238,741,741,1.0
1239,741,741,1.0
1240,741,741,1.0
1241,741,741,1.0
1242,741,741,1.0
1243,741,741,1.0
1244,741,741,1.0
1245,742,742,1.0
1246,742,742,1.0
1247,742,742,1.0
1248,742,742,1.0
1249,742,742,1.0
1250,742,742,1.0
1251,742,742,1.0
1252,742,742,1.0
1253,742,742,1.0
1254,742,742,1.0
1255,716,716,1.0
1256,716,716,1.0
1257,716,716,1.0
1258,716,716,1.0
1259,716,716,1.0
1260,716,716,1.0
1261,716,716,1.0
1262,716,716,1.0
1263,716,716,1.0
1264,716,716,1.0
1265,437,437,1.0
1266,437,437,1.0
1267,437,437,1.0
1268,437,437,1.0
1269,437,437,1.0
1270,437,437,1.0
1271,437,437,1.0
1272,437,437,1.0
1273,437,437,1.0
1274,437,437,1.0
1275,651,651,1.0
1276,651,651,1.0
1277,651,651,1.0
1278,651,651,1.0
1279,651,651,1.0
1280,651,651,1.0
1281,651,651,1.0
1282,651,651,1.0
1283,651,651,1.0
1284,651,651,1.0
1285,653,653,1.0
1286,653,653,1.0
1287,653,653,1.0
1288,653,653,1.0
1289,653,653,1.0
1290,653,653,1.0
1291,653,653,1.0
1292,653,653,1.0
1293,653,653,1.0
1294,653,653,1.0
1295,237,237,1.0
1296,237,237,1.0
1297,237,237,1.0
1298,237,237,1.0
1299,237,237,1.0
1300,237,237,1.0
1301,237,237,1.0
1302,237,237,1.0
1303,237,237,1.0
1304,237,237,1.0
1305,252,252,1.0
1306,252,252,1.0
1307,252,252,1.0
1308,252,252,1.0
1309,252,252,1.0
1310,252,252,1.0
1311,252,252,1.0
1312,252,252,1.0
1313,131,131,1.0
1314,131,131,1.0
1315,131,131,1.0
1316,131,131,1.0
1317,131,131,1.0
1318,131,131,1.0
1319,131,131,1.0
1320,131,131,1.0
1321,131,131,1.0
1322,131,131,1.0
1323,681,681,1.0
1324,681,681,1.0
1325,681,681,1.0
1326,681,681,1.0
1327,681,681,1.0
1328,681,681,1.0
1329,681,681,1.0
1330,681,681,1.0
1331,681,681,1.0
1332,681,681,1.0
1333,677,677,1.0
1334,677,677,1.0
1335,677,677,1.0
1336,677,677,1.0
1337,677,677,1.0
1338,677,677,1.0
1339,677,677,1.0
1340,677,677,1.0
1341,677,677,1.0
1342,677,677,1.0
1343,702,702,1.0
1344,702,702,1.0
1345,702,702,1.0
1346,702,702,1.0
1347,702,702,1.0
1348,702,702,1.0
1349,702,702,1.0
1350,702,702,1.0
1351,702,702,1.0
1352,702,702,1.0
1353,679,679,1.0
1354,679,679,1.0
1355,679,679,1.0
1356,679,679,1.0
1357,679,679,1.0
1358,679,679,1.0
1359,679,679,1.0
1360,679,679,1.0
1361,679,679,1.0
1362,679,679,1.0
1363,253,253,1.0
1364,253,253,1.0
1365,253,253,1.0
1366,253,253,1.0
1367,253,253,1.0
1368,253,253,1.0
1369,253,253,1.0
1370,253,253,1.0
1371,472,472,1.0
1372,472,472,1.0
1373,472,472,1.0
1374,472,472,1.0
1375,472,472,1.0
1376,472,472,1.0
1377,472,472,1.0
1378,257,257,1.0
1379,257,257,1.0
1380,257,257,1.0
1381,257,257,1.0
1382,257,257,1.0
1383,257,257,1.0
1384,257,257,1.0
1385,257,257,1.0
1386,182,182,1.0
1387,182,182,1.0
1388,182,182,1.0
1389,182,182,1.0
1390,182,182,1.0
1391,182,182,1.0
1392,182,182,1.0
1393,182,182,1.0
1394,182,182,1.0
1395,182,182,1.0
1396,682,682,1.0
1397,682,682,1.0
1398,682,682,1.0
1399,682,682,1.0
1400,682,682,1.0
1401,682,682,1.0
1402,682,682,1.0
1403,682,682,1.0
1404,682,682,1.0
1405,682,682,1.0
1406,552,552,1.0
1407,552,552,1.0
1408,552,552,1.0
1409,552,552,1.0
1410,552,552,1.0
1411,552,552,1.0
1412,552,552,1.0
1413,552,552,1.0
1414,552,552,1.0
1415,552,552,1.0
1416,729,729,1.0
1417,729,729,1.0
1418,729,729,1.0
1419,729,729,1.0
1420,729,729,1.0
1421,729,729,1.0
1422,729,729,1.0
1423,729,729,1.0
1424,729,729,1.0
1425,729,729,1.0
1426,557,557,1.0
1427,557,557,1.0
1428,557,557,1.0
1429,557,557,1.0
1430,557,557,1.0
1431,557,557,1.0
1432,557,557,1.0
1433,557,557,1.0
1434,557,557,1.0
1435,557,557,1.0
1436,701,701,1.0
1437,701,701,1.0
1438,701,701,1.0
1439,701,701,1.0
1440,701,701,1.0
1441,701,701,1.0
1442,701,701,1.0
1443,701,701,1.0
1444,701,701,1.0
1445,701,701,1.0
1446,251,251,1.0
1447,251,251,1.0
1448,251,251,1.0
1449,251,251,1.0
1450,251,251,1.0
1451,251,251,1.0
1452,251,251,1.0
1453,251,251,1.0
1454,558,558,1.0
1455,558,558,1.0
1456,558,558,1.0
1457,558,558,1.0
1458,558,558,1.0
1459,558,558,1.0
1460,558,558,1.0
1461,558,558,1.0
1462,558,558,1.0
1463,558,558,1.0
1464,689,689,1.0
1465,689,689,1.0
1466,689,689,1.0
1467,689,689,1.0
1468,689,689,1.0
1469,689,689,1.0
1470,689,689,1.0
1471,689,689,1.0
1472,689,689,1.0
1473,689,689,1.0
1474,426,426,1.0
1475,426,426,1.0
1476,426,426,1.0
1477,426,426,1.0
1478,426,426,1.0
1479,426,426,1.0
1480,426,426,1.0
1481,426,426,1.0
1482,426,426,1.0
1483,426,426,1.0
1484,149,149,1.0
1485,728,728,1.0
1486,728,728,1.0
1487,728,728,1.0
1488,728,728,1.0
1489,728,728,1.0
1490,728,728,1.0
1491,728,728,1.0
1492,728,728,1.0
1493,728,728,1.0
1494,728,728,1.0
1495,704,704,1.0
1496,704,704,1.0
1497,704,704,1.0
1498,704,704,1.0
1499,704,704,1.0
1500,704,704,1.0
1501,704,704,1.0
1502,704,704,1.0
1503,704,704,1.0
1504,704,704,1.0
1505,214,214,1.0
1506,214,214,1.0
1507,254,254,1.0
1508,254,254,1.0
1509,254,254,1.0
1510,254,254,1.0
1511,254,254,1.0
1512,254,254,1.0
1513,254,254,1.0
1514,254,254,1.0
1515,269,269,1.0
1516,269,269,1.0
1517,269,269,1.0
1518,269,269,1.0
1519,269,269,1.0
1520,269,269,1.0
1521,269,269,1.0
1522,269,269,1.0
1523,269,269,1.0
1524,269,269,1.0
1525,226,226,1.0
1526,226,226,1.0
1527,226,226,1.0
1528,226,226,1.0
1529,226,226,1.0
1530,226,226,1.0
1531,226,226,1.0
1532,226,226,1.0
1533,226,226,1.0
1534,226,226,1.0
1535,595,595,1.0
1536,595,595,1.0
1537,595,595,1.0
1538,595,595,1.0
1539,595,595,1.0
1540,595,595,1.0
1541,595,595,1.0
1542,595,595,1.0
1543,595,595,1.0
1544,595,595,1.0
1545,213,213,1.0
1546,213,213,1.0
1547,228,228,1.0
1548,228,228,1.0
1549,228,228,1.0
1550,228,228,1.0
1551,228,228,1.0
1552,228,228,1.0
1553,228,228,1.0
1554,435,435,1.0
1555,435,435,1.0
1556,435,435,1.0
1557,435,435,1.0
1558,435,435,1.0
1559,435,435,1.0
1560,435,435,1.0
1561,435,435,1.0
1562,435,435,1.0
1563,435,435,1.0
1564,351,351,1.0
1565,351,351,1.0
1566,351,351,1.0
1567,351,351,1.0
1568,351,351,1.0
1569,351,351,1.0
1570,351,351,1.0
1571,632,632,1.0
1572,632,632,1.0
1573,632,632,1.0
1574,632,632,1.0
1575,632,632,1.0
1576,632,632,1.0
1577,632,632,1.0
1578,632,632,1.0
1579,632,632,1.0
1580,632,632,1.0
1581,229,229,1.0
1582,229,229,1.0
1583,229,229,1.0
1584,229,229,1.0
1585,229,229,1.0
1586,229,229,1.0
1587,229,229,1.0
1588,212,212,1.0
1589,212,212,1.0
1590,434,434,1.0
1591,434,434,1.0
1592,434,434,1.0
1593,434,434,1.0
1594,434,434,1.0
1595,434,434,1.0
1596,434,434,1.0
1597,434,434,1.0
1598,434,434,1.0
1599,434,434,1.0
1600,357,357,1.0
1601,357,357,1.0
1602,357,357,1.0
1603,357,357,1.0
1604,357,357,1.0
1605,357,357,1.0
1606,357,357,1.0
1607,490,490,1.0
1608,490,490,1.0
1609,152,152,1.0
1610,156,156,1.0
1611,157,157,1.0
1612,164,164,1.0
1613,158,158,1.0
1614,159,159,1.0
1615,160,160,1.0
1616,306,306,1.0
1617,306,306,1.0
1618,535,535,1.0
1619,535,535,1.0
1620,166,166,1.0
1621,166,166,1.0
1622,307,307,1.0
1623,307,307,1.0
1624,534,534,1.0
1625,534,534,1.0
1626,169,169,1.0
1627,169,169,1.0
1628,537,537,1.0
1629,537,537,1.0
1630,310,310,1.0
1631,310,310,1.0
1632,168,168,1.0
1633,168,168,1.0
1634,309,309,1.0
1635,309,309,1.0
1636,536,536,1.0
1637,536,536,1.0
1638,208,208,1.0
1639,208,208,1.0
1640,206,206,1.0
1641,206,206,1.0
1642,232,232,1.0
1643,231,231,1.0
1644,248,248,1.0
1645,247,247,1.0
1646,261,261,1.0
1647,260,260,1.0
1648,549,549,1.0
1649,267,267,1.0
1650,743,743,1.0
1651,268,268,1.0
1652,626,626,1.0
1653,625,625,1.0
1654,452,452,1.0
1655,480,480,1.0
1656,454,454,1.0
1657,454,454,1.0
1658,620,620,1.0
1659,432,432,1.0
1660,432,432,1.0
1661,621,621,1.0
1662,433,433,1.0
1663,433,433,1.0
1664,451,451,1.0
1665,479,479,1.0
1666,559,559,1.0
1667,560,560,1.0
1668,623,623,1.0
1669,622,622,1.0
